2109537,/lido:lido/lido:administrativeMetadata/lido:recordWrap/lido:recordID
6545,/lido:lido/lido:administrativeMetadata/lido:recordWrap/lido:recordInfoSet/lido:recordInfoID
1423686,/lido:lido/lido:administrativeMetadata/lido:recordWrap/lido:recordInfoSet/lido:recordInfoLink
897798,/lido:lido/lido:administrativeMetadata/lido:recordWrap/lido:recordInfoSet/lido:recordMetadataDate
159153,/lido:lido/lido:administrativeMetadata/lido:recordWrap/lido:recordRights/lido:creditLine
2016,/lido:lido/lido:administrativeMetadata/lido:recordWrap/lido:recordRights/lido:rightsDate/lido:earliestDate
2016,/lido:lido/lido:administrativeMetadata/lido:recordWrap/lido:recordRights/lido:rightsDate/lido:latestDate
1681088,/lido:lido/lido:administrativeMetadata/lido:recordWrap/lido:recordRights/lido:rightsHolder/lido:legalBodyID
2092519,/lido:lido/lido:administrativeMetadata/lido:recordWrap/lido:recordRights/lido:rightsHolder/lido:legalBodyName/lido:appellationValue
1802519,/lido:lido/lido:administrativeMetadata/lido:recordWrap/lido:recordRights/lido:rightsHolder/lido:legalBodyWeblink
2101935,/lido:lido/lido:administrativeMetadata/lido:recordWrap/lido:recordRights/lido:rightsType/lido:conceptID
2138991,/lido:lido/lido:administrativeMetadata/lido:recordWrap/lido:recordRights/lido:rightsType/lido:term
1619130,/lido:lido/lido:administrativeMetadata/lido:recordWrap/lido:recordSource/lido:legalBodyID
2241533,/lido:lido/lido:administrativeMetadata/lido:recordWrap/lido:recordSource/lido:legalBodyName/lido:appellationValue
16,/lido:lido/lido:administrativeMetadata/lido:recordWrap/lido:recordSource/lido:legalBodyName/lido:sourceAppellation
1841667,/lido:lido/lido:administrativeMetadata/lido:recordWrap/lido:recordSource/lido:legalBodyWeblink
629785,/lido:lido/lido:administrativeMetadata/lido:recordWrap/lido:recordType/lido:conceptID
2177549,/lido:lido/lido:administrativeMetadata/lido:recordWrap/lido:recordType/lido:term
34873,/lido:lido/lido:administrativeMetadata/lido:resourceWrap/lido:resourceSet/lido:conceptID
40528,/lido:lido/lido:administrativeMetadata/lido:resourceWrap/lido:resourceSet/lido:resourceDateTaken/lido:date/lido:earliestDate
40528,/lido:lido/lido:administrativeMetadata/lido:resourceWrap/lido:resourceSet/lido:resourceDateTaken/lido:date/lido:latestDate
245933,/lido:lido/lido:administrativeMetadata/lido:resourceWrap/lido:resourceSet/lido:resourceDateTaken/lido:displayDate
450920,/lido:lido/lido:administrativeMetadata/lido:resourceWrap/lido:resourceSet/lido:resourceDescription
589,/lido:lido/lido:administrativeMetadata/lido:resourceWrap/lido:resourceSet/lido:resourceDescription/::tail
1841321,/lido:lido/lido:administrativeMetadata/lido:resourceWrap/lido:resourceSet/lido:resourceID
177580,/lido:lido/lido:administrativeMetadata/lido:resourceWrap/lido:resourceSet/lido:resourcePerspective/lido:conceptID
146011,/lido:lido/lido:administrativeMetadata/lido:resourceWrap/lido:resourceSet/lido:resourcePerspective/lido:term
272241,/lido:lido/lido:administrativeMetadata/lido:resourceWrap/lido:resourceSet/lido:resourceRelType/lido:term
3445781,/lido:lido/lido:administrativeMetadata/lido:resourceWrap/lido:resourceSet/lido:resourceRepresentation/lido:linkResource
161450,/lido:lido/lido:administrativeMetadata/lido:resourceWrap/lido:resourceSet/lido:resourceRepresentation/lido:resourceMeasurementsSet/lido:measurementType
161450,/lido:lido/lido:administrativeMetadata/lido:resourceWrap/lido:resourceSet/lido:resourceRepresentation/lido:resourceMeasurementsSet/lido:measurementUnit
161450,/lido:lido/lido:administrativeMetadata/lido:resourceWrap/lido:resourceSet/lido:resourceRepresentation/lido:resourceMeasurementsSet/lido:measurementValue
909204,/lido:lido/lido:administrativeMetadata/lido:resourceWrap/lido:resourceSet/lido:resourceSource/lido:legalBodyID
1877499,/lido:lido/lido:administrativeMetadata/lido:resourceWrap/lido:resourceSet/lido:resourceSource/lido:legalBodyName/lido:appellationValue
903465,/lido:lido/lido:administrativeMetadata/lido:resourceWrap/lido:resourceSet/lido:resourceSource/lido:legalBodyWeblink
5419,/lido:lido/lido:administrativeMetadata/lido:resourceWrap/lido:resourceSet/lido:resourceType/lido:conceptID
2393552,/lido:lido/lido:administrativeMetadata/lido:resourceWrap/lido:resourceSet/lido:resourceType/lido:term
337133,/lido:lido/lido:administrativeMetadata/lido:resourceWrap/lido:resourceSet/lido:rightsResource/lido:creditLine
1559021,/lido:lido/lido:administrativeMetadata/lido:resourceWrap/lido:resourceSet/lido:rightsResource/lido:rightsHolder/lido:legalBodyID
2547746,/lido:lido/lido:administrativeMetadata/lido:resourceWrap/lido:resourceSet/lido:rightsResource/lido:rightsHolder/lido:legalBodyName/lido:appellationValue
1491489,/lido:lido/lido:administrativeMetadata/lido:resourceWrap/lido:resourceSet/lido:rightsResource/lido:rightsHolder/lido:legalBodyWeblink
2437601,/lido:lido/lido:administrativeMetadata/lido:resourceWrap/lido:resourceSet/lido:rightsResource/lido:rightsType/lido:conceptID
2795543,/lido:lido/lido:administrativeMetadata/lido:resourceWrap/lido:resourceSet/lido:rightsResource/lido:rightsType/lido:term
34874,/lido:lido/lido:administrativeMetadata/lido:resourceWrap/lido:resourceSet/lido:term
323849,/lido:lido/lido:administrativeMetadata/lido:rightsWorkWrap/lido:rightsWorkSet/lido:creditLine
1086057,/lido:lido/lido:administrativeMetadata/lido:rightsWorkWrap/lido:rightsWorkSet/lido:rightsHolder/lido:legalBodyID
1367827,/lido:lido/lido:administrativeMetadata/lido:rightsWorkWrap/lido:rightsWorkSet/lido:rightsHolder/lido:legalBodyName/lido:appellationValue
1057653,/lido:lido/lido:administrativeMetadata/lido:rightsWorkWrap/lido:rightsWorkSet/lido:rightsHolder/lido:legalBodyWeblink
908530,/lido:lido/lido:administrativeMetadata/lido:rightsWorkWrap/lido:rightsWorkSet/lido:rightsType/lido:conceptID
1007421,/lido:lido/lido:administrativeMetadata/lido:rightsWorkWrap/lido:rightsWorkSet/lido:rightsType/lido:term
591383,/lido:lido/lido:category/lido:conceptID
719094,/lido:lido/lido:category/lido:term
709304,/lido:lido/lido:descriptiveMetadata/lido:eventWrap/lido:eventSet/lido:displayEvent
67962,/lido:lido/lido:descriptiveMetadata/lido:eventWrap/lido:eventSet/lido:event/lido:culture/lido:conceptID
174018,/lido:lido/lido:descriptiveMetadata/lido:eventWrap/lido:eventSet/lido:event/lido:culture/lido:term
80,/lido:lido/lido:descriptiveMetadata/lido:eventWrap/lido:eventSet/lido:event/lido:displayEvent
2050667,/lido:lido/lido:descriptiveMetadata/lido:eventWrap/lido:eventSet/lido:event/lido:eventActor/lido:actorInRole/lido:actor/lido:actorID
43913,/lido:lido/lido:descriptiveMetadata/lido:eventWrap/lido:eventSet/lido:event/lido:eventActor/lido:actorInRole/lido:actor/lido:genderActor
3202475,/lido:lido/lido:descriptiveMetadata/lido:eventWrap/lido:eventSet/lido:event/lido:eventActor/lido:actorInRole/lido:actor/lido:nameActorSet/lido:appellationValue
6051,/lido:lido/lido:descriptiveMetadata/lido:eventWrap/lido:eventSet/lido:event/lido:eventActor/lido:actorInRole/lido:actor/lido:nameActorSet/lido:sourceAppellation
122468,/lido:lido/lido:descriptiveMetadata/lido:eventWrap/lido:eventSet/lido:event/lido:eventActor/lido:actorInRole/lido:actor/lido:nationalityActor/lido:term
572701,/lido:lido/lido:descriptiveMetadata/lido:eventWrap/lido:eventSet/lido:event/lido:eventActor/lido:actorInRole/lido:actor/lido:vitalDatesActor/lido:earliestDate
518131,/lido:lido/lido:descriptiveMetadata/lido:eventWrap/lido:eventSet/lido:event/lido:eventActor/lido:actorInRole/lido:actor/lido:vitalDatesActor/lido:latestDate
44150,/lido:lido/lido:descriptiveMetadata/lido:eventWrap/lido:eventSet/lido:event/lido:eventActor/lido:actorInRole/lido:attributionQualifierActor
362,/lido:lido/lido:descriptiveMetadata/lido:eventWrap/lido:eventSet/lido:event/lido:eventActor/lido:actorInRole/lido:displayActorInRole
3178,/lido:lido/lido:descriptiveMetadata/lido:eventWrap/lido:eventSet/lido:event/lido:eventActor/lido:actorInRole/lido:extentActor
357924,/lido:lido/lido:descriptiveMetadata/lido:eventWrap/lido:eventSet/lido:event/lido:eventActor/lido:actorInRole/lido:roleActor/lido:conceptID
2214026,/lido:lido/lido:descriptiveMetadata/lido:eventWrap/lido:eventSet/lido:event/lido:eventActor/lido:actorInRole/lido:roleActor/lido:term
1942051,/lido:lido/lido:descriptiveMetadata/lido:eventWrap/lido:eventSet/lido:event/lido:eventActor/lido:displayActorInRole
1659674,/lido:lido/lido:descriptiveMetadata/lido:eventWrap/lido:eventSet/lido:event/lido:eventDate/lido:date/lido:earliestDate
1614645,/lido:lido/lido:descriptiveMetadata/lido:eventWrap/lido:eventSet/lido:event/lido:eventDate/lido:date/lido:latestDate
3433748,/lido:lido/lido:descriptiveMetadata/lido:eventWrap/lido:eventSet/lido:event/lido:eventDate/lido:displayDate
5288,/lido:lido/lido:descriptiveMetadata/lido:eventWrap/lido:eventSet/lido:event/lido:eventDescriptionSet/lido:descriptiveNoteID
224902,/lido:lido/lido:descriptiveMetadata/lido:eventWrap/lido:eventSet/lido:event/lido:eventDescriptionSet/lido:descriptiveNoteValue
777899,/lido:lido/lido:descriptiveMetadata/lido:eventWrap/lido:eventSet/lido:event/lido:eventID
1990404,/lido:lido/lido:descriptiveMetadata/lido:eventWrap/lido:eventSet/lido:event/lido:eventMaterialsTech/lido:displayMaterialsTech
2715,/lido:lido/lido:descriptiveMetadata/lido:eventWrap/lido:eventSet/lido:event/lido:eventMaterialsTech/lido:displayMaterialTech
31906,/lido:lido/lido:descriptiveMetadata/lido:eventWrap/lido:eventSet/lido:event/lido:eventMaterialsTech/lido:materialsTech/lido:extentMaterialsTech
253,/lido:lido/lido:descriptiveMetadata/lido:eventWrap/lido:eventSet/lido:event/lido:eventMaterialsTech/lido:materialsTech/lido:sourceMaterialsTech
5127,/lido:lido/lido:descriptiveMetadata/lido:eventWrap/lido:eventSet/lido:event/lido:eventMaterialsTech/lido:materialsTech/lido:termMaterialsTech
1036105,/lido:lido/lido:descriptiveMetadata/lido:eventWrap/lido:eventSet/lido:event/lido:eventMaterialsTech/lido:materialsTech/lido:termMaterialsTech/lido:conceptID
3829824,/lido:lido/lido:descriptiveMetadata/lido:eventWrap/lido:eventSet/lido:event/lido:eventMaterialsTech/lido:materialsTech/lido:termMaterialsTech/lido:term
77445,/lido:lido/lido:descriptiveMetadata/lido:eventWrap/lido:eventSet/lido:event/lido:eventMaterialsTech/lido:termMaterialsTech/lido:term
81,/lido:lido/lido:descriptiveMetadata/lido:eventWrap/lido:eventSet/lido:event/lido:eventMethod/lido:conceptID
42178,/lido:lido/lido:descriptiveMetadata/lido:eventWrap/lido:eventSet/lido:event/lido:eventMethod/lido:term
30935,/lido:lido/lido:descriptiveMetadata/lido:eventWrap/lido:eventSet/lido:event/lido:eventName/lido:appellationValue
3216113,/lido:lido/lido:descriptiveMetadata/lido:eventWrap/lido:eventSet/lido:event/lido:eventPlace/lido:displayPlace
286,/lido:lido/lido:descriptiveMetadata/lido:eventWrap/lido:eventSet/lido:event/lido:eventPlace/lido:place/lido:gml/{http://www.opengis.net/gml}Point/{http://www.opengis.net/gml}name
122066,/lido:lido/lido:descriptiveMetadata/lido:eventWrap/lido:eventSet/lido:event/lido:eventPlace/lido:place/lido:gml/{http://www.opengis.net/gml}Point/{http://www.opengis.net/gml}pos
8081,/lido:lido/lido:descriptiveMetadata/lido:eventWrap/lido:eventSet/lido:event/lido:eventPlace/lido:place/lido:gml/{http://www.opengis.net/gml}Polygon/{http://www.opengis.net/gml}exterior/{http://www.opengis.net/gml}LinearRing/{http://www.opengis.net/gml}pos
3532558,/lido:lido/lido:descriptiveMetadata/lido:eventWrap/lido:eventSet/lido:event/lido:eventPlace/lido:place/lido:namePlaceSet/lido:appellationValue
38974,/lido:lido/lido:descriptiveMetadata/lido:eventWrap/lido:eventSet/lido:event/lido:eventPlace/lido:place/lido:namePlaceSet/lido:sourceAppellation
929571,/lido:lido/lido:descriptiveMetadata/lido:eventWrap/lido:eventSet/lido:event/lido:eventPlace/lido:place/lido:partOfPlace/lido:namePlaceSet/lido:appellationValue
145,/lido:lido/lido:descriptiveMetadata/lido:eventWrap/lido:eventSet/lido:event/lido:eventPlace/lido:place/lido:partOfPlace/lido:partOfPlace/lido:namePlaceSet/lido:appellationValue
109,/lido:lido/lido:descriptiveMetadata/lido:eventWrap/lido:eventSet/lido:event/lido:eventPlace/lido:place/lido:partOfPlace/lido:partOfPlace/lido:partOfPlace/lido:namePlaceSet/lido:appellationValue
44,/lido:lido/lido:descriptiveMetadata/lido:eventWrap/lido:eventSet/lido:event/lido:eventPlace/lido:place/lido:partOfPlace/lido:partOfPlace/lido:partOfPlace/lido:partOfPlace/lido:namePlaceSet/lido:appellationValue
1,/lido:lido/lido:descriptiveMetadata/lido:eventWrap/lido:eventSet/lido:event/lido:eventPlace/lido:place/lido:partOfPlace/lido:partOfPlace/lido:partOfPlace/lido:partOfPlace/lido:partOfPlace/lido:namePlaceSet/lido:appellationValue
1,/lido:lido/lido:descriptiveMetadata/lido:eventWrap/lido:eventSet/lido:event/lido:eventPlace/lido:place/lido:partOfPlace/lido:partOfPlace/lido:partOfPlace/lido:partOfPlace/lido:partOfPlace/lido:placeID
8,/lido:lido/lido:descriptiveMetadata/lido:eventWrap/lido:eventSet/lido:event/lido:eventPlace/lido:place/lido:partOfPlace/lido:partOfPlace/lido:partOfPlace/lido:partOfPlace/lido:placeID
15,/lido:lido/lido:descriptiveMetadata/lido:eventWrap/lido:eventSet/lido:event/lido:eventPlace/lido:place/lido:partOfPlace/lido:partOfPlace/lido:partOfPlace/lido:placeID
27,/lido:lido/lido:descriptiveMetadata/lido:eventWrap/lido:eventSet/lido:event/lido:eventPlace/lido:place/lido:partOfPlace/lido:partOfPlace/lido:placeID
39,/lido:lido/lido:descriptiveMetadata/lido:eventWrap/lido:eventSet/lido:event/lido:eventPlace/lido:place/lido:partOfPlace/lido:placeID
138941,/lido:lido/lido:descriptiveMetadata/lido:eventWrap/lido:eventSet/lido:event/lido:eventPlace/lido:place/lido:placeClassification/lido:term
1478691,/lido:lido/lido:descriptiveMetadata/lido:eventWrap/lido:eventSet/lido:event/lido:eventPlace/lido:place/lido:placeID
2149952,/lido:lido/lido:descriptiveMetadata/lido:eventWrap/lido:eventSet/lido:event/lido:eventType/lido:conceptID
274,/lido:lido/lido:descriptiveMetadata/lido:eventWrap/lido:eventSet/lido:event/lido:eventType/lido:eventMaterialsTech/lido:displayMaterialsTech
3406294,/lido:lido/lido:descriptiveMetadata/lido:eventWrap/lido:eventSet/lido:event/lido:eventType/lido:term
88640,/lido:lido/lido:descriptiveMetadata/lido:eventWrap/lido:eventSet/lido:event/lido:periodName/lido:conceptID
64451,/lido:lido/lido:descriptiveMetadata/lido:eventWrap/lido:eventSet/lido:event/lido:periodName/lido:term
33,/lido:lido/lido:descriptiveMetadata/lido:eventWrap/lido:eventSet/lido:event/lido:term
108604,/lido:lido/lido:descriptiveMetadata/lido:eventWrap/lido:eventSet/lido:event/lido:thingPresent/lido:displayObject
1086636,/lido:lido/lido:descriptiveMetadata/lido:objectClassificationWrap/lido:classificationWrap/lido:classification/lido:conceptID
3468135,/lido:lido/lido:descriptiveMetadata/lido:objectClassificationWrap/lido:classificationWrap/lido:classification/lido:term
5268,/lido:lido/lido:descriptiveMetadata/lido:objectClassificationWrap/lido:objectWorkTypeWrap/lido:classificationWrap/lido:classification/lido:term
18,/lido:lido/lido:descriptiveMetadata/lido:objectClassificationWrap/lido:objectWorkTypeWrap/lido:objectWorkType/conceptID
1324469,/lido:lido/lido:descriptiveMetadata/lido:objectClassificationWrap/lido:objectWorkTypeWrap/lido:objectWorkType/lido:conceptID
2913513,/lido:lido/lido:descriptiveMetadata/lido:objectClassificationWrap/lido:objectWorkTypeWrap/lido:objectWorkType/lido:term
545,/lido:lido/lido:descriptiveMetadata/lido:objectIdentificationWrap/lido:displayStateEditionWrap/lido:displayEdition
41407,/lido:lido/lido:descriptiveMetadata/lido:objectIdentificationWrap/lido:displayStateEditionWrap/lido:displayState
19204,/lido:lido/lido:descriptiveMetadata/lido:objectIdentificationWrap/lido:displayStateEditionWrap/lido:sourceStateEdition
27910,/lido:lido/lido:descriptiveMetadata/lido:objectIdentificationWrap/lido:inscriptionsWrap/lido:inscriptions/lido:inscriptionDescription/lido:descriptiveNoteID
395940,/lido:lido/lido:descriptiveMetadata/lido:objectIdentificationWrap/lido:inscriptionsWrap/lido:inscriptions/lido:inscriptionDescription/lido:descriptiveNoteValue
8,/lido:lido/lido:descriptiveMetadata/lido:objectIdentificationWrap/lido:inscriptionsWrap/lido:inscriptions/lido:inscriptionDescription/lido:sourceDescriptiveNote
275713,/lido:lido/lido:descriptiveMetadata/lido:objectIdentificationWrap/lido:inscriptionsWrap/lido:inscriptions/lido:inscriptionTranscription
57009,/lido:lido/lido:descriptiveMetadata/lido:objectIdentificationWrap/lido:objectDescriptionWrap/lido:objectDescriptionSet/lido:descriptiveNoteID
942598,/lido:lido/lido:descriptiveMetadata/lido:objectIdentificationWrap/lido:objectDescriptionWrap/lido:objectDescriptionSet/lido:descriptiveNoteValue
128482,/lido:lido/lido:descriptiveMetadata/lido:objectIdentificationWrap/lido:objectDescriptionWrap/lido:objectDescriptionSet/lido:sourceDescriptiveNote
48952,/lido:lido/lido:descriptiveMetadata/lido:objectIdentificationWrap/lido:objectMaterialsTechWrap/lido:objectMaterialsTechSet/lido:displayMaterialsTech
2308428,/lido:lido/lido:descriptiveMetadata/lido:objectIdentificationWrap/lido:objectMeasurementsWrap/lido:objectMeasurementsSet/lido:displayObjectMeasurements
1,/lido:lido/lido:descriptiveMetadata/lido:objectIdentificationWrap/lido:objectMeasurementsWrap/lido:objectMeasurementsSet/lido:objectMeasurements/lido:displayObjectMeasurements
496925,/lido:lido/lido:descriptiveMetadata/lido:objectIdentificationWrap/lido:objectMeasurementsWrap/lido:objectMeasurementsSet/lido:objectMeasurements/lido:extentMeasurements
3035669,/lido:lido/lido:descriptiveMetadata/lido:objectIdentificationWrap/lido:objectMeasurementsWrap/lido:objectMeasurementsSet/lido:objectMeasurements/lido:measurementsSet/lido:measurementType
2755265,/lido:lido/lido:descriptiveMetadata/lido:objectIdentificationWrap/lido:objectMeasurementsWrap/lido:objectMeasurementsSet/lido:objectMeasurements/lido:measurementsSet/lido:measurementUnit
2737100,/lido:lido/lido:descriptiveMetadata/lido:objectIdentificationWrap/lido:objectMeasurementsWrap/lido:objectMeasurementsSet/lido:objectMeasurements/lido:measurementsSet/lido:measurementValue
11210,/lido:lido/lido:descriptiveMetadata/lido:objectIdentificationWrap/lido:objectMeasurementsWrap/lido:objectMeasurementsSet/lido:objectMeasurements/lido:qualifierMeasurements
82,/lido:lido/lido:descriptiveMetadata/lido:objectIdentificationWrap/lido:objectMeasurementsWrap/lido:objectMeasurementsSet/lido:objectMeasurements/lido:scaleMeasurements
1751,/lido:lido/lido:descriptiveMetadata/lido:objectIdentificationWrap/lido:objectMeasurementsWrap/lido:objectMeasurementsSet/lido:objectMeasurements/lido:shapeMeasurements
22171,/lido:lido/lido:descriptiveMetadata/lido:objectIdentificationWrap/lido:repositoryWrap/lido:repositorySet/lido:repositoryLocation/lido:gml/{http://www.opengis.net/gml}Point/{http://www.opengis.net/gml}name
158317,/lido:lido/lido:descriptiveMetadata/lido:objectIdentificationWrap/lido:repositoryWrap/lido:repositorySet/lido:repositoryLocation/lido:gml/{http://www.opengis.net/gml}Point/{http://www.opengis.net/gml}pos
1976254,/lido:lido/lido:descriptiveMetadata/lido:objectIdentificationWrap/lido:repositoryWrap/lido:repositorySet/lido:repositoryLocation/lido:namePlaceSet/lido:appellationValue
5966,/lido:lido/lido:descriptiveMetadata/lido:objectIdentificationWrap/lido:repositoryWrap/lido:repositorySet/lido:repositoryLocation/lido:namePlaceSet/lido:placeID
43657,/lido:lido/lido:descriptiveMetadata/lido:objectIdentificationWrap/lido:repositoryWrap/lido:repositorySet/lido:repositoryLocation/lido:partOfPlace/lido:gml/{http://www.opengis.net/gml}Point/{http://www.opengis.net/gml}pos
1342482,/lido:lido/lido:descriptiveMetadata/lido:objectIdentificationWrap/lido:repositoryWrap/lido:repositorySet/lido:repositoryLocation/lido:partOfPlace/lido:namePlaceSet/lido:appellationValue
629417,/lido:lido/lido:descriptiveMetadata/lido:objectIdentificationWrap/lido:repositoryWrap/lido:repositorySet/lido:repositoryLocation/lido:partOfPlace/lido:partOfPlace/lido:namePlaceSet/lido:appellationValue
8,/lido:lido/lido:descriptiveMetadata/lido:objectIdentificationWrap/lido:repositoryWrap/lido:repositorySet/lido:repositoryLocation/lido:partOfPlace/lido:partOfPlace/lido:placeID
468209,/lido:lido/lido:descriptiveMetadata/lido:objectIdentificationWrap/lido:repositoryWrap/lido:repositorySet/lido:repositoryLocation/lido:partOfPlace/lido:placeID
26908,/lido:lido/lido:descriptiveMetadata/lido:objectIdentificationWrap/lido:repositoryWrap/lido:repositorySet/lido:repositoryLocation/lido:placeClassification/lido:conceptID
57532,/lido:lido/lido:descriptiveMetadata/lido:objectIdentificationWrap/lido:repositoryWrap/lido:repositorySet/lido:repositoryLocation/lido:placeClassification/lido:term
1343393,/lido:lido/lido:descriptiveMetadata/lido:objectIdentificationWrap/lido:repositoryWrap/lido:repositorySet/lido:repositoryLocation/lido:placeID
2025052,/lido:lido/lido:descriptiveMetadata/lido:objectIdentificationWrap/lido:repositoryWrap/lido:repositorySet/lido:repositoryName/lido:legalBodyID
2109064,/lido:lido/lido:descriptiveMetadata/lido:objectIdentificationWrap/lido:repositoryWrap/lido:repositorySet/lido:repositoryName/lido:legalBodyName/lido:appellationValue
1968221,/lido:lido/lido:descriptiveMetadata/lido:objectIdentificationWrap/lido:repositoryWrap/lido:repositorySet/lido:repositoryName/lido:legalBodyWeblink
2460332,/lido:lido/lido:descriptiveMetadata/lido:objectIdentificationWrap/lido:repositoryWrap/lido:repositorySet/lido:workID
2643562,/lido:lido/lido:descriptiveMetadata/lido:objectIdentificationWrap/lido:titleWrap/lido:titleSet/lido:appellationValue
114,/lido:lido/lido:descriptiveMetadata/lido:objectIdentificationWrap/lido:titleWrap/lido:titleSet/lido:sourceAppellation
411240,/lido:lido/lido:descriptiveMetadata/lido:objectRelationWrap/lido:relatedWorksWrap/lido:relatedWorkSet/lido:relatedWork/lido:displayObject
321158,/lido:lido/lido:descriptiveMetadata/lido:objectRelationWrap/lido:relatedWorksWrap/lido:relatedWorkSet/lido:relatedWork/lido:object/lido:objectID
378271,/lido:lido/lido:descriptiveMetadata/lido:objectRelationWrap/lido:relatedWorksWrap/lido:relatedWorkSet/lido:relatedWork/lido:object/lido:objectNote
202516,/lido:lido/lido:descriptiveMetadata/lido:objectRelationWrap/lido:relatedWorksWrap/lido:relatedWorkSet/lido:relatedWork/lido:object/lido:objectWebResource
197,/lido:lido/lido:descriptiveMetadata/lido:objectRelationWrap/lido:relatedWorksWrap/lido:relatedWorkSet/lido:relatedWorkRelType
134146,/lido:lido/lido:descriptiveMetadata/lido:objectRelationWrap/lido:relatedWorksWrap/lido:relatedWorkSet/lido:relatedWorkRelType/lido:conceptID
576277,/lido:lido/lido:descriptiveMetadata/lido:objectRelationWrap/lido:relatedWorksWrap/lido:relatedWorkSet/lido:relatedWorkRelType/lido:term
3132387,/lido:lido/lido:descriptiveMetadata/lido:objectRelationWrap/lido:subjectWrap/lido:subjectSet/lido:displaySubject
2897,/lido:lido/lido:descriptiveMetadata/lido:objectRelationWrap/lido:subjectWrap/lido:subjectSet/lido:subject/lido:extentSubject
487717,/lido:lido/lido:descriptiveMetadata/lido:objectRelationWrap/lido:subjectWrap/lido:subjectSet/lido:subject/lido:subjectActor/lido:actor/lido:actorID
20892,/lido:lido/lido:descriptiveMetadata/lido:objectRelationWrap/lido:subjectWrap/lido:subjectSet/lido:subject/lido:subjectActor/lido:actor/lido:genderActor
1676505,/lido:lido/lido:descriptiveMetadata/lido:objectRelationWrap/lido:subjectWrap/lido:subjectSet/lido:subject/lido:subjectActor/lido:actor/lido:nameActorSet/lido:appellationValue
893,/lido:lido/lido:descriptiveMetadata/lido:objectRelationWrap/lido:subjectWrap/lido:subjectSet/lido:subject/lido:subjectActor/lido:actor/lido:nationalityActor/lido:term
30074,/lido:lido/lido:descriptiveMetadata/lido:objectRelationWrap/lido:subjectWrap/lido:subjectSet/lido:subject/lido:subjectActor/lido:actor/lido:vitalDatesActor/lido:earliestDate
23885,/lido:lido/lido:descriptiveMetadata/lido:objectRelationWrap/lido:subjectWrap/lido:subjectSet/lido:subject/lido:subjectActor/lido:actor/lido:vitalDatesActor/lido:latestDate
1,/lido:lido/lido:descriptiveMetadata/lido:objectRelationWrap/lido:subjectWrap/lido:subjectSet/lido:subject/lido:subjectActor/lido:conceptID
199625,/lido:lido/lido:descriptiveMetadata/lido:objectRelationWrap/lido:subjectWrap/lido:subjectSet/lido:subject/lido:subjectActor/lido:displayActor
1,/lido:lido/lido:descriptiveMetadata/lido:objectRelationWrap/lido:subjectWrap/lido:subjectSet/lido:subject/lido:subjectActor/lido:term
3299222,/lido:lido/lido:descriptiveMetadata/lido:objectRelationWrap/lido:subjectWrap/lido:subjectSet/lido:subject/lido:subjectConcept/lido:conceptID
9267184,/lido:lido/lido:descriptiveMetadata/lido:objectRelationWrap/lido:subjectWrap/lido:subjectSet/lido:subject/lido:subjectConcept/lido:term
6021,/lido:lido/lido:descriptiveMetadata/lido:objectRelationWrap/lido:subjectWrap/lido:subjectSet/lido:subject/lido:subjectDate/lido:date/lido:earliestDate
6021,/lido:lido/lido:descriptiveMetadata/lido:objectRelationWrap/lido:subjectWrap/lido:subjectSet/lido:subject/lido:subjectDate/lido:date/lido:latestDate
37340,/lido:lido/lido:descriptiveMetadata/lido:objectRelationWrap/lido:subjectWrap/lido:subjectSet/lido:subject/lido:subjectDate/lido:displayDate
93148,/lido:lido/lido:descriptiveMetadata/lido:objectRelationWrap/lido:subjectWrap/lido:subjectSet/lido:subject/lido:subjectEvent/lido:displayEvent
7309,/lido:lido/lido:descriptiveMetadata/lido:objectRelationWrap/lido:subjectWrap/lido:subjectSet/lido:subject/lido:subjectEvent/lido:event/lido:eventActor/lido:actorInRole/lido:actor/lido:actorID
66148,/lido:lido/lido:descriptiveMetadata/lido:objectRelationWrap/lido:subjectWrap/lido:subjectSet/lido:subject/lido:subjectEvent/lido:event/lido:eventActor/lido:actorInRole/lido:actor/lido:nameActorSet/lido:appellationValue
65620,/lido:lido/lido:descriptiveMetadata/lido:objectRelationWrap/lido:subjectWrap/lido:subjectSet/lido:subject/lido:subjectEvent/lido:event/lido:eventActor/lido:actorInRole/lido:roleActor/lido:term
80307,/lido:lido/lido:descriptiveMetadata/lido:objectRelationWrap/lido:subjectWrap/lido:subjectSet/lido:subject/lido:subjectEvent/lido:event/lido:eventActor/lido:displayActor
21304,/lido:lido/lido:descriptiveMetadata/lido:objectRelationWrap/lido:subjectWrap/lido:subjectSet/lido:subject/lido:subjectEvent/lido:event/lido:eventActor/lido:displayActorInRole
129012,/lido:lido/lido:descriptiveMetadata/lido:objectRelationWrap/lido:subjectWrap/lido:subjectSet/lido:subject/lido:subjectEvent/lido:event/lido:eventDate/lido:date/lido:earliestDate
128585,/lido:lido/lido:descriptiveMetadata/lido:objectRelationWrap/lido:subjectWrap/lido:subjectSet/lido:subject/lido:subjectEvent/lido:event/lido:eventDate/lido:date/lido:latestDate
143300,/lido:lido/lido:descriptiveMetadata/lido:objectRelationWrap/lido:subjectWrap/lido:subjectSet/lido:subject/lido:subjectEvent/lido:event/lido:eventDate/lido:displayDate
12769,/lido:lido/lido:descriptiveMetadata/lido:objectRelationWrap/lido:subjectWrap/lido:subjectSet/lido:subject/lido:subjectEvent/lido:event/lido:eventMaterialsTech/lido:displayMaterialsTech
2,/lido:lido/lido:descriptiveMetadata/lido:objectRelationWrap/lido:subjectWrap/lido:subjectSet/lido:subject/lido:subjectEvent/lido:event/lido:eventName/lido:appelationValue
61415,/lido:lido/lido:descriptiveMetadata/lido:objectRelationWrap/lido:subjectWrap/lido:subjectSet/lido:subject/lido:subjectEvent/lido:event/lido:eventPlace/lido:displayPlace
248,/lido:lido/lido:descriptiveMetadata/lido:objectRelationWrap/lido:subjectWrap/lido:subjectSet/lido:subject/lido:subjectEvent/lido:event/lido:eventPlace/lido:place/lido:namePlaceSet/lido:appellationValue
143282,/lido:lido/lido:descriptiveMetadata/lido:objectRelationWrap/lido:subjectWrap/lido:subjectSet/lido:subject/lido:subjectEvent/lido:event/lido:eventType/lido:conceptID
157759,/lido:lido/lido:descriptiveMetadata/lido:objectRelationWrap/lido:subjectWrap/lido:subjectSet/lido:subject/lido:subjectEvent/lido:event/lido:eventType/lido:term
55494,/lido:lido/lido:descriptiveMetadata/lido:objectRelationWrap/lido:subjectWrap/lido:subjectSet/lido:subject/lido:subjectObject/lido:displayObject
1680,/lido:lido/lido:descriptiveMetadata/lido:objectRelationWrap/lido:subjectWrap/lido:subjectSet/lido:subject/lido:subjectObject/lido:object/lido:objectID
1797089,/lido:lido/lido:descriptiveMetadata/lido:objectRelationWrap/lido:subjectWrap/lido:subjectSet/lido:subject/lido:subjectObject/lido:object/lido:objectNote
763723,/lido:lido/lido:descriptiveMetadata/lido:objectRelationWrap/lido:subjectWrap/lido:subjectSet/lido:subject/lido:subjectPlace/lido:displayPlace
33766,/lido:lido/lido:descriptiveMetadata/lido:objectRelationWrap/lido:subjectWrap/lido:subjectSet/lido:subject/lido:subjectPlace/lido:place/lido:gml/{http://www.opengis.net/gml}Point/{http://www.opengis.net/gml}pos
11952,/lido:lido/lido:descriptiveMetadata/lido:objectRelationWrap/lido:subjectWrap/lido:subjectSet/lido:subject/lido:subjectPlace/lido:place/lido:gml/{http://www.opengis.net/gml}Polygon/{http://www.opengis.net/gml}exterior/{http://www.opengis.net/gml}LinearRing/{http://www.opengis.net/gml}pos
773175,/lido:lido/lido:descriptiveMetadata/lido:objectRelationWrap/lido:subjectWrap/lido:subjectSet/lido:subject/lido:subjectPlace/lido:place/lido:namePlaceSet/lido:appellationValue
2771,/lido:lido/lido:descriptiveMetadata/lido:objectRelationWrap/lido:subjectWrap/lido:subjectSet/lido:subject/lido:subjectPlace/lido:place/lido:namePlaceSet/lido:sourceAppellation
6,/lido:lido/lido:descriptiveMetadata/lido:objectRelationWrap/lido:subjectWrap/lido:subjectSet/lido:subject/lido:subjectPlace/lido:place/lido:partOfPlace/lido:namePlaceSet/lido:appellationValue
6,/lido:lido/lido:descriptiveMetadata/lido:objectRelationWrap/lido:subjectWrap/lido:subjectSet/lido:subject/lido:subjectPlace/lido:place/lido:partOfPlace/lido:placeID
166671,/lido:lido/lido:descriptiveMetadata/lido:objectRelationWrap/lido:subjectWrap/lido:subjectSet/lido:subject/lido:subjectPlace/lido:place/lido:placeID
2104546,/lido:lido/lido:lidoRecID
624393,/lido:lido/lido:objectPublishedID
17,/lido:lidoWrap/lido:lido/lido:administrativeMetadata/lido:recordWrap/lido:recordID
17,/lido:lidoWrap/lido:lido/lido:administrativeMetadata/lido:recordWrap/lido:recordInfoSet/lido:recordInfoLink
17,/lido:lidoWrap/lido:lido/lido:administrativeMetadata/lido:recordWrap/lido:recordInfoSet/lido:recordMetadataDate
17,/lido:lidoWrap/lido:lido/lido:administrativeMetadata/lido:recordWrap/lido:recordRights/lido:rightsHolder/lido:legalBodyName/lido:appellationValue
17,/lido:lidoWrap/lido:lido/lido:administrativeMetadata/lido:recordWrap/lido:recordRights/lido:rightsType/lido:conceptID
17,/lido:lidoWrap/lido:lido/lido:administrativeMetadata/lido:recordWrap/lido:recordRights/lido:rightsType/lido:term
34,/lido:lidoWrap/lido:lido/lido:administrativeMetadata/lido:recordWrap/lido:recordSource/lido:legalBodyName/lido:appellationValue
17,/lido:lidoWrap/lido:lido/lido:administrativeMetadata/lido:recordWrap/lido:recordType/lido:term
16,/lido:lidoWrap/lido:lido/lido:administrativeMetadata/lido:resourceWrap/lido:resourceSet/lido:resourceRepresentation/lido:linkResource
16,/lido:lidoWrap/lido:lido/lido:administrativeMetadata/lido:resourceWrap/lido:resourceSet/lido:resourceSource/lido:legalBodyName/lido:appellationValue
16,/lido:lidoWrap/lido:lido/lido:administrativeMetadata/lido:resourceWrap/lido:resourceSet/lido:resourceType/lido:term
16,/lido:lidoWrap/lido:lido/lido:administrativeMetadata/lido:resourceWrap/lido:resourceSet/lido:rightsResource/lido:rightsHolder/lido:legalBodyName/lido:appellationValue
16,/lido:lidoWrap/lido:lido/lido:administrativeMetadata/lido:resourceWrap/lido:resourceSet/lido:rightsResource/lido:rightsType/lido:conceptID
16,/lido:lidoWrap/lido:lido/lido:administrativeMetadata/lido:resourceWrap/lido:resourceSet/lido:rightsResource/lido:rightsType/lido:term
17,/lido:lidoWrap/lido:lido/lido:administrativeMetadata/lido:rightsWorkWrap/lido:rightsWorkSet/lido:rightsHolder/lido:legalBodyName/lido:appellationValue
17,/lido:lidoWrap/lido:lido/lido:category/lido:conceptID
17,/lido:lidoWrap/lido:lido/lido:category/lido:term
3,/lido:lidoWrap/lido:lido/lido:descriptiveMetadata/lido:eventWrap/lido:eventSet/lido:event/lido:eventActor/lido:actorInRole/lido:actor/lido:actorID
13,/lido:lidoWrap/lido:lido/lido:descriptiveMetadata/lido:eventWrap/lido:eventSet/lido:event/lido:eventActor/lido:actorInRole/lido:actor/lido:nameActorSet/lido:appellationValue
1,/lido:lidoWrap/lido:lido/lido:descriptiveMetadata/lido:eventWrap/lido:eventSet/lido:event/lido:eventActor/lido:actorInRole/lido:actor/lido:vitalDatesActor/lido:earliestDate
1,/lido:lidoWrap/lido:lido/lido:descriptiveMetadata/lido:eventWrap/lido:eventSet/lido:event/lido:eventActor/lido:actorInRole/lido:actor/lido:vitalDatesActor/lido:latestDate
11,/lido:lidoWrap/lido:lido/lido:descriptiveMetadata/lido:eventWrap/lido:eventSet/lido:event/lido:eventActor/lido:actorInRole/lido:roleActor/lido:term
11,/lido:lidoWrap/lido:lido/lido:descriptiveMetadata/lido:eventWrap/lido:eventSet/lido:event/lido:eventDate/lido:date/lido:earliestDate
11,/lido:lidoWrap/lido:lido/lido:descriptiveMetadata/lido:eventWrap/lido:eventSet/lido:event/lido:eventDate/lido:date/lido:latestDate
8,/lido:lidoWrap/lido:lido/lido:descriptiveMetadata/lido:eventWrap/lido:eventSet/lido:event/lido:eventDate/lido:displayDate
7,/lido:lidoWrap/lido:lido/lido:descriptiveMetadata/lido:eventWrap/lido:eventSet/lido:event/lido:eventMaterialsTech/lido:materialsTech/lido:extentMaterialsTech
92,/lido:lidoWrap/lido:lido/lido:descriptiveMetadata/lido:eventWrap/lido:eventSet/lido:event/lido:eventMaterialsTech/lido:materialsTech/lido:termMaterialsTech/lido:conceptID
116,/lido:lidoWrap/lido:lido/lido:descriptiveMetadata/lido:eventWrap/lido:eventSet/lido:event/lido:eventMaterialsTech/lido:materialsTech/lido:termMaterialsTech/lido:term
18,/lido:lidoWrap/lido:lido/lido:descriptiveMetadata/lido:eventWrap/lido:eventSet/lido:event/lido:eventPlace/lido:place/lido:namePlaceSet/lido:appellationValue
22,/lido:lidoWrap/lido:lido/lido:descriptiveMetadata/lido:eventWrap/lido:eventSet/lido:event/lido:eventPlace/lido:place/lido:placeID
13,/lido:lidoWrap/lido:lido/lido:descriptiveMetadata/lido:eventWrap/lido:eventSet/lido:event/lido:eventType/lido:conceptID
16,/lido:lidoWrap/lido:lido/lido:descriptiveMetadata/lido:eventWrap/lido:eventSet/lido:event/lido:eventType/lido:term
64,/lido:lidoWrap/lido:lido/lido:descriptiveMetadata/lido:objectClassificationWrap/lido:classificationWrap/lido:classification/lido:conceptID
75,/lido:lidoWrap/lido:lido/lido:descriptiveMetadata/lido:objectClassificationWrap/lido:classificationWrap/lido:classification/lido:term
17,/lido:lidoWrap/lido:lido/lido:descriptiveMetadata/lido:objectClassificationWrap/lido:objectWorkTypeWrap/lido:objectWorkType/lido:term
8,/lido:lidoWrap/lido:lido/lido:descriptiveMetadata/lido:objectIdentificationWrap/lido:inscriptionsWrap/lido:inscriptions/lido:inscriptionDescription/lido:descriptiveNoteValue
17,/lido:lidoWrap/lido:lido/lido:descriptiveMetadata/lido:objectIdentificationWrap/lido:objectMeasurementsWrap/lido:objectMeasurementsSet/lido:displayObjectMeasurements
14,/lido:lidoWrap/lido:lido/lido:descriptiveMetadata/lido:objectIdentificationWrap/lido:repositoryWrap/lido:repositorySet/lido:repositoryLocation/lido:gml/{http://www.opengis.net/gml}Point/{http://www.opengis.net/gml}name
14,/lido:lidoWrap/lido:lido/lido:descriptiveMetadata/lido:objectIdentificationWrap/lido:repositoryWrap/lido:repositorySet/lido:repositoryLocation/lido:gml/{http://www.opengis.net/gml}Point/{http://www.opengis.net/gml}pos
17,/lido:lidoWrap/lido:lido/lido:descriptiveMetadata/lido:objectIdentificationWrap/lido:repositoryWrap/lido:repositorySet/lido:repositoryLocation/lido:namePlaceSet/lido:appellationValue
17,/lido:lidoWrap/lido:lido/lido:descriptiveMetadata/lido:objectIdentificationWrap/lido:repositoryWrap/lido:repositorySet/lido:repositoryName/lido:legalBodyID
17,/lido:lidoWrap/lido:lido/lido:descriptiveMetadata/lido:objectIdentificationWrap/lido:repositoryWrap/lido:repositorySet/lido:repositoryName/lido:legalBodyName/lido:appellationValue
17,/lido:lidoWrap/lido:lido/lido:descriptiveMetadata/lido:objectIdentificationWrap/lido:repositoryWrap/lido:repositorySet/lido:repositoryName/lido:legalBodyWeblink
17,/lido:lidoWrap/lido:lido/lido:descriptiveMetadata/lido:objectIdentificationWrap/lido:repositoryWrap/lido:repositorySet/lido:workID
17,/lido:lidoWrap/lido:lido/lido:descriptiveMetadata/lido:objectIdentificationWrap/lido:titleWrap/lido:titleSet/lido:appellationValue
10,/lido:lidoWrap/lido:lido/lido:descriptiveMetadata/lido:objectRelationWrap/lido:subjectWrap/lido:subjectSet/lido:subject/lido:subjectConcept/lido:conceptID
5,/lido:lidoWrap/lido:lido/lido:descriptiveMetadata/lido:objectRelationWrap/lido:subjectWrap/lido:subjectSet/lido:subject/lido:subjectConcept/lido:term
17,/lido:lidoWrap/lido:lido/lido:lidoRecID